{"5.260": {"amplitude": 0.007918123391957486, "bandwidth": 0.007020619357719277, "resonance-frequency": 9.647454805454212, "offset": -0.1}, "5.280": {"amplitude": 0.006525051945605972, "bandwidth": 0.0037245748411354014, "resonance-frequency": 9.654151272884162, "offset": -0.1}, "5.300": {"amplitude": 0.006449574112982502, "bandwidth": 0.004192612757415255, "resonance-frequency": 9.657957208640115, "offset": -0.1}, "5.320": {"amplitude": 0.01068856354605644, "bandwidth": 0.006623381500378397, "resonance-frequency": 9.669713533763112, "offset": -0.1}}