{
" 0mm "  :
{
"m" : [ 88.4477635644752 , 0.674991691503996 ],
"c" : [ 23.8744777987585 , 2.58450266823629 ]
}
}
