{
"fitted_data" : [
{
"name" : "UR-5",
"a" : [ 9.79250965176661 , 0.00060390361279421 ],
"b" : [ 0.0461397425418812 , 0.00458936312018913 ],
"Al" : [ 1.24683363914172 , 0.2367202614989 ],
"offsetl" : [ 14.4767380360755 , 0.855562723872618 ]
}
]
}
