{
" 3mm "  :
{
"m" : [ 76.5559137120005 , 6.50049503511078 ],
"c" : [ 15.9742127443308 , 27.5987487192029 ]
}
}
