{
"fitted_data" : [
{
"name" : "UR-5",
"a" : [ 9.68477373467032 , 0.00056644760083538 ],
"b" : [ 0.0737618690776019 , 0.00398980944857817 ],
"Al" : [ 3.55149856027283 , 0.341383655542589 ],
"offsetl" : [ 22.1034344985327 , 0.732465454062233 ]
}
]
}
