{
" double-magnet "  :
{
"m" : [ 20.0598526547166 , 0.101058138271169 ],
"c" : [ 246.834712979388 , 0.491429501357372 ]
}
}
