{
"fitted_data" : [
{
"name" : "UR-4",
"a" : [ 9.59130229501358 , 0.00104540505745169 ],
"b" : [ 0.0454817414583101 , 0.00990933953433537 ],
"Al" : [ 1.38062387323238 , 0.584479894818105 ],
"offsetl" : [ 16.5144424655829 , 2.15251167710036 ]
}
]
}
