{"5.150": {"amplitude": 0.004303945980170673, "bandwidth": 0.004526057444931527, "resonance-frequency": 9.606804277658116, "offset": -0.1}, "5.180": {"amplitude": 0.006833977163469029, "bandwidth": 0.004573421770910752, "resonance-frequency": 9.619022241098374, "offset": -0.1}, "5.210": {"amplitude": 0.0072489020495995265, "bandwidth": 0.004621420805344063, "resonance-frequency": 9.630129796182691, "offset": -0.1}, "5.240": {"amplitude": 0.00692206957456727, "bandwidth": 0.004877627182666905, "resonance-frequency": 9.64069896156743, "offset": -0.1}}