{"5.05": {"amplitude": 0.19960296378821146, "bandwidth": 0.04997334195062229, "resonance-frequency": 9.790895132550274, "offset": -1.1466747775072506}, "5.10": {"amplitude": 0.04662755519310204, "bandwidth": 0.034338401883729705, "resonance-frequency": 10.00072060170135, "offset": -0.36133310896146237}, "5.15": {"amplitude": 0.029761159051705212, "bandwidth": 0.027394164936317408, "resonance-frequency": 9.996783515263408, "offset": -0.23995685603882508}, "5.19": {"amplitude": -0.017577367913678678, "bandwidth": -0.0020546655319504856, "resonance-frequency": 9.328226541606961, "offset": 0.03114559908256757}, "5.33": {"amplitude": 1.0181483381743053, "bandwidth": 0.18813258415084325, "resonance-frequency": 9.383333520529415, "offset": -1.4431183407809458}, "5.42": {"amplitude": -0.9597314058475812, "bandwidth": -0.20195506159328622, "resonance-frequency": 9.382593751545143, "offset": -1.2137552550965747}, "5.57": {"amplitude": -0.009629312248967641, "bandwidth": -0.008345458213585292, "resonance-frequency": 10.412838589217113, "offset": -0.0575027550064902}}