{
"5.28": {"amplitude": 0.009024846930655394, "bandwidth": 0.009939043409609657, "resonance-frequency": 9.435705519994729, "offset": -0.17312567525997025}, 
"5.42": {"amplitude": -0.01935706404020787, "bandwidth": -0.0027739749424198082, "resonance-frequency": 9.485026558137626, "offset": -0.16569466624440932},
"5.50": {"amplitude": 0.016930272671435834, "bandwidth": 0.017139423467555565, "resonance-frequency": 9.515076204184599, "offset": -0.18443714523026358}, 
"5.60": {"amplitude": 0.014041790632193832, "bandwidth": 0.03417655804299047, "resonance-frequency": 9.54003288836015, "offset": -0.18653694806291138}
}