{
" 0mm "  :
{
"m" : [ 0.989784164978886 , 0.00691227784687201 ],
"c" : [ 0.0308920977456723 , 0.0125139231462059 ]
},
" 3mm "  :
{
"m" : [ 0.993452110223498 , 0.00626577300011095 ],
"c" : [ 0.0269272752950332 , 0.0113372158272456 ]
},
" 6mm "  :
{
"m" : [ 0.99406148899115 , 0.00887073979114151 ],
"c" : [ 0.0172755889951831 , 0.0158101940237266 ]
}
}
