{"5.54": {"amplitude": 0.0009392766281814683, "bandwidth": 0.011002245889333098, "resonance-frequency": 9.455378873920614, "offset": -0.01977721630589657}, "5.57": {"amplitude": 1.3008294281096813, "bandwidth": 3.077126979074931e-05, "resonance-frequency": 9.443945526848625, "offset": -0.21077301454680042}, "5.60": {"amplitude": 0.00020367837559427166, "bandwidth": 0.0004218462125496267, "resonance-frequency": 9.487382885322027, "offset": -0.03925206584386122}, "5.64": {"amplitude": 3.6871211633346714, "bandwidth": 1.0893041605174154e-05, "resonance-frequency": 9.553052601394608, "offset": -0.058797813648531136}, "5.68": {"amplitude": 0.0033587025539363055, "bandwidth": 0.010492209348220483, "resonance-frequency": 9.53173666109218, "offset": -0.10838026979640251}, "5.99": {"amplitude": -0.004825587953940667, "bandwidth": 0.009222385431157904, "resonance-frequency": 9.70530419287203, "offset": -0.3933378253949579}}