{"5.60": {"amplitude": 0.005725146555892833, "bandwidth": 0.006786220069260099, "resonance-frequency": 9.52371233772704, "offset": -0.03533375602603072}, "5.64": {"amplitude": 0.0059975944139071275, "bandwidth": 0.012385177629511242, "resonance-frequency": 9.527880201739283, "offset": -0.05764930902748825}, "5.68": {"amplitude": 0.006395035654242969, "bandwidth": 0.00791646414097993, "resonance-frequency": 9.523177725177607, "offset": -0.08375300906261345}, "5.71": {"amplitude": 0.004053771205409032, "bandwidth": 0.005828650088025343, "resonance-frequency": 9.523579395829938, "offset": 0.012943946044841793}, "5.73": {"amplitude": 0.00865786297995335, "bandwidth": 0.010228114887707338, "resonance-frequency": 9.530541944813958, "offset": -0.2222785947554998}}