{
"fitted_data" : [
{
"name" : "before_magnet",
"a" : [ 9.48731363956662 , 0.00315202638277043 ],
"b" : [ 0.113779477519938 , 0.00933656953193177 ],
"Al" : [ 7.26653464035534 , 0.734431560693863 ],
"offsetl" : [ 27.1931579421308 , 0.767743076999609 ]
},
{
"name" : "after_magnet_1",
"a" : [ 9.34737705610692 , 0.00311229408331731 ],
"b" : [ 0.127524659515735 , 0.0102431246984226 ],
"Al" : [ 7.89343890303348 , 0.826176476283448 ],
"offsetl" : [ 27.584960678195 , 0.811688035886999 ]
},
{
"name" : "after_magnet_2",
"a" : [ 9.38746074650188 , 0.00286483984254777 ],
"b" : [ 0.116128849897548 , 0.00863906555747057 ],
"Al" : [ 7.67228100874812 , 0.70996786096428 ],
"offsetl" : [ 28.3157964832536 , 0.734029568452891 ]
},
{
"name" : "after_insertion",
"a" : [ 9.33820123718 , 0.00322475102322866 ],
"b" : [ 0.112953242566297 , 0.0094992841835191 ],
"Al" : [ 6.68087888561806 , 0.689885306425142 ],
"offsetl" : [ 27.6109983253785 , 0.724109126083326 ]
},
]
}
