{"4.226": {"amplitude": 0.00022173127621209966, "bandwidth": 4.3995034445526e-06, "resonance-frequency": 9.552489875741992, "offset": -0.1}, "4.236": {"amplitude": 0.00011869165951455017, "bandwidth": 7.3942727469584285e-06, "resonance-frequency": 9.552492208949136, "offset": -0.1}, "4.238": {"amplitude": 17016.066820735345, "bandwidth": 170.06815416069603, "resonance-frequency": 1572.9059489223123, "offset": -0.1}, "4.244": {"amplitude": -4.661390845237101, "bandwidth": -1.1881404954751827e-06, "resonance-frequency": 9.550297411669193, "offset": -0.1}, "4.249": {"amplitude": -0.4670033080618075, "bandwidth": -1.6076409711004706e-05, "resonance-frequency": 9.549983669910098, "offset": -0.1}, "4.252": {"amplitude": -0.23095345657843713, "bandwidth": -1.9255966775415533e-05, "resonance-frequency": 9.550437813421572, "offset": -0.1}, "4.258": {"amplitude": -0.00010185983430706197, "bandwidth": -5.385447836929704e-06, "resonance-frequency": 9.552494041589426, "offset": -0.1}, "4.263": {"amplitude": -8.484381308495493e-05, "bandwidth": -6.4879439814438795e-06, "resonance-frequency": 9.55249572619958, "offset": -0.1}, "4.269": {"amplitude": -4.2706277193859006e-05, "bandwidth": -3.1889475531767306e-06, "resonance-frequency": 9.552497577963143, "offset": -0.1}, "4.273": {"amplitude": -0.47478668167842064, "bandwidth": -1.296659926996824e-05, "resonance-frequency": 9.550150049737855, "offset": -0.1}, "4.279": {"amplitude": 0.00011150657975300016, "bandwidth": 7.4684129365527126e-06, "resonance-frequency": 9.552492130304252, "offset": -0.1}, "4.284": {"amplitude": 0.000133978518972226, "bandwidth": 7.065250343219903e-07, "resonance-frequency": 9.552503163533668, "offset": -0.1}}