{
"fitted_data" : [
{
"name" : "UR-5",
"a" : [ 9.54553408209402 , 0.00121531497841422 ],
"b" : [ 0.0820537973802609 , 0.0052841276370882 ],
"Al" : [ 3.74365755585359 , 0.358841155567373 ],
"offsetl" : [ 38.6505516374575 , 0.611230686144564 ]
}
]
}
