{
"fitted_data" : [
{
"name" : "4mm-between",
"a" : [9.35621877324695,0.00268404749900191],
"b" : [0.10005639666882,0.00715030437255893],
"Al" : [6.37367941638383,0.528080543404997],
"offsetl" : [38.0236066425859,0.590982698800164]
},
{
"name" : "no-magnet",
"a" : [9.40871161256772,0.00282387693936486],
"b" : [0.109497434830575,0.008082263348775],
"Al" : [7.00393890897881,0.625176435282559],
"offsetl" : [38.774127081152,0.667073376357843]
},
]
}
