{
"fitted_data" : [
{
"name" : "UR-4",
"a" : [ 9.67198820856323 , 0.00207054833089629 ],
"b" : [ 0.101548695480458 , 1.61515235159992 ],
"Al" : [ 20.1756806901075 , 946.230162920011 ],
"offsetl" : [ 69.2357498595802 , 1961.18246725994 ]
}
]
}
