{
    "0mm-ascending.txt":    {
                                "m": [18.088290472425268], 
                                "c": [236.5011728683358]
                            }, 
    "0mm-descending.txt":   {
                                "m": [18.315848166456426], 
                                "c": [237.89937613309655]
                            }, 
    "1-y-offset.txt"    :   {
                                "m": [18.252351898561592], 
                                "c": [236.7567063194492]
                            }, 
    "1mm.txt"           :   {
                                "m": [18.066476750133123], 
                                "c": [234.6898903121521]
                            }, 
    "2-y-offset.txt"    :   {
                                "m": [18.263731711039878], 
                                "c": [237.6856091232202]
                            }, 
    "2mm.txt"           :   {
                                "m": [18.004464467155834], 
                                "c": [234.83381396177694]
                            }, 
    "3-y-offset.txt"    :   {
                                "m": [18.27224186646409], 
                                "c": [235.93196959180665]
                            }, 
    "3mm.txt"           :   {
                                "m": [18.030376310534194], 
                                "c": [235.98370023090362]
                            }
}