{"5.91": {"amplitude": 0.0017573058757359352, "bandwidth": 0.009162915746558817, "resonance-frequency": 9.596961239740697, "offset": 0.24111489898842423}, "5.94": {"amplitude": 0.09144832162336651, "bandwidth": 0.0684098012412729, "resonance-frequency": 9.62546088101372, "offset": -0.10025078516448042}, "5.95": {"amplitude": 1.5747416350251313, "bandwidth": 0.22260130800008124, "resonance-frequency": 9.643283298067752, "offset": -1.8943311372446678}, "5.96": {"amplitude": 0.3772746995473341, "bandwidth": 0.07170709567605887, "resonance-frequency": 9.62351240620463, "offset": -1.3053896206435522}, "5.97": {"amplitude": 0.14217268270239528, "bandwidth": 0.0672569115980994, "resonance-frequency": 9.623693364594738, "offset": -0.32473961855409683}}