{"3.66": {"amplitude": 0.002904851615037738, "bandwidth": 0.010843167989428833, "resonance-frequency": 9.748515880115166, "offset": -0.1}, "3.67": {"amplitude": 0.0008559690778319213, "bandwidth": 0.006766454483441041, "resonance-frequency": 9.750501949001222, "offset": -0.1}}