{"5.165": {"amplitude": 0.002524603399508396, "bandwidth": 0.00551204274608828, "resonance-frequency": 9.596883411553092, "offset": -0.1}, "5.180": {"amplitude": 0.005153155260464484, "bandwidth": 0.005582887368298235, "resonance-frequency": 9.603058952951413, "offset": -0.1}, "5.202": {"amplitude": 0.006820496969467036, "bandwidth": 0.006265723436283517, "resonance-frequency": 9.604948932109814, "offset": -0.1}, "5.223": {"amplitude": 0.00600347026687795, "bandwidth": 0.004272085249076041, "resonance-frequency": 9.617633086695951, "offset": -0.1}, "5.235": {"amplitude": 0.005567355372981262, "bandwidth": 0.0047478036649739, "resonance-frequency": 9.621806598343081, "offset": -0.1}, "5.251": {"amplitude": 0.008840666976242443, "bandwidth": 0.006307359612358129, "resonance-frequency": 9.624546745621398, "offset": -0.1}, "5.257": {"amplitude": 0.004998492924648677, "bandwidth": 0.004410621270130445, "resonance-frequency": 9.632493878488297, "offset": -0.1}, "5.269": {"amplitude": 0.005221992382194582, "bandwidth": 0.004572649609313822, "resonance-frequency": 9.636321615084748, "offset": -0.1}, "5.286": {"amplitude": 0.005938117608619546, "bandwidth": 0.006110133521599982, "resonance-frequency": 9.642485893350262, "offset": -0.1}, "5.310": {"amplitude": 0.006564751812943291, "bandwidth": 0.007834710839261409, "resonance-frequency": 9.650617166526061, "offset": -0.1}}