{"4.69": {"amplitude": -0.050794071304044494, "bandwidth": -0.05299851362268026, "resonance-frequency": 9.390639627972762, "offset": -0.10168640785908774}, "4.77": {"amplitude": -0.019627454879994562, "bandwidth": -0.008898914206230697, "resonance-frequency": 9.408920391708795, "offset": -0.051304060257973884}, "4.79": {"amplitude": -0.019860839748319006, "bandwidth": -0.004389355046928761, "resonance-frequency": 9.444299018813656, "offset": -0.14507151314576072}, "4.80": {"amplitude": 0.02470459475632928, "bandwidth": 0.009163224996161356, "resonance-frequency": 9.444080708229006, "offset": -0.16051874986494838}, "4.83": {"amplitude": 0.02420209078207451, "bandwidth": 0.012819674691807972, "resonance-frequency": 9.449262855139624, "offset": -0.16511893677131648}, "4.84": {"amplitude": 0.022942175560117864, "bandwidth": 0.012197243317275732, "resonance-frequency": 9.451760683116857, "offset": -0.16209160585598836}, "4.87": {"amplitude": 0.01960624236966166, "bandwidth": 0.00999858924017648, "resonance-frequency": 9.470745461054513, "offset": -0.08838199380315716}, "4.88": {"amplitude": -0.017872868104422575, "bandwidth": -0.01083264146597203, "resonance-frequency": 9.47148956466248, "offset": -0.11806350943925184}, "4.89": {"amplitude": -0.029757558422247882, "bandwidth": -0.002729253669528066, "resonance-frequency": 9.44859576204776, "offset": -0.02020905361473159}, "4.91": {"amplitude": 0.01616968302110091, "bandwidth": 0.014989311908077386, "resonance-frequency": 9.479634203922716, "offset": -0.07872767838621482}, "4.92": {"amplitude": 0.01779647296490159, "bandwidth": 0.015792148357040976, "resonance-frequency": 9.479875412709037, "offset": -0.07383976629480142}, "4.95": {"amplitude": -0.38909848800273344, "bandwidth": -0.00015908873686696804, "resonance-frequency": 9.489141747932036, "offset": -0.009624271566222822}}