{"4.69": {"amplitude": -0.010446006088385428, "bandwidth": -0.011585111530438492, "resonance-frequency": 9.366115579028518, "offset": 0.013419679341179033},
 "4.77": {"amplitude": 0.8931638690977742, "bandwidth": 9.267641255350304e-05, "resonance-frequency": 9.409165215589821, "offset": -0.012212700034356695}, 
 "4.78": {"amplitude": 0.9119244078696348, "bandwidth": 5.7824584831391296e-05, "resonance-frequency": 9.43445129070368, "offset": -0.0863135747611882}, 
 "4.80": {"amplitude": -0.8228474569194953, "bandwidth": -9.122318840823882e-05, "resonance-frequency": 9.44606805825452, "offset": -0.09198662237318941}, 
 "4.83": {"amplitude": -1.0948639744750617, "bandwidth": -8.388224885402485e-05, "resonance-frequency": 9.449539211448215, "offset": -0.09080086441743095}, 
 "4.84": {"amplitude": 0.9949390690917482, "bandwidth": 9.077611667166858e-05, "resonance-frequency": 9.450805641693746, "offset": -0.0983678679657659}, 
 "4.86": {"amplitude": 1.1504915501409712, "bandwidth": 8.168282606807685e-05, "resonance-frequency": 9.469343130396163, "offset": -0.08319515478930659}, 
 "4.87": {"amplitude": 0.029561883002366438, "bandwidth": 0.0033896683558225166, "resonance-frequency": 9.470540201100915, "offset": -0.06431793568252264}, 
 "4.88": {"amplitude": 0.6207559346989181, "bandwidth": 0.00011312129424194856, "resonance-frequency": 9.471173274358044, "offset": -0.0718338749283644}, 
 "4.89": {"amplitude": -0.6155212204758843, "bandwidth": -0.0001166813872980005, "resonance-frequency": 9.44861668241245, "offset": -0.011223187045976945}, 
 "4.91": {"amplitude": 0.013411099202411236, "bandwidth": 0.013012268021434847, "resonance-frequency": 9.47985657653658, "offset": -0.06198418051150535}, 
 "4.92": {"amplitude": 0.7160759403853679, "bandwidth": 8.657061102899123e-05, "resonance-frequency": 9.488005873514721, "offset": -0.02983182007044357}, 
 "4.94": {"amplitude": 0.6168066973016016, "bandwidth": 0.00012110823956614865, "resonance-frequency": 9.491081886835447, "offset": 0.1554478771300987}, 
 "4.95": {"amplitude": -0.4622683283202691, "bandwidth": -0.0001314921859394336, "resonance-frequency": 9.489121276650199, "offset": -0.007192396563617415}}