{
"fitted_data" : [
{
"name" : "UR-6",
"a" : [ 9.26301684023357 , 0.00174473864880908 ],
"b" : [ 0.11678735415947 , 0.00525785111070152 ],
"Al" : [ 6.24603204549229 , 0.350431592942284 ],
"offsetl" : [ 44.0967763992813 , 0.361043748880881 ]
}
]
}
