{"5.116": {"amplitude": 0.017325531967185802, "bandwidth": 0.018409653705870038, "resonance-frequency": 9.581355916225142, "offset": -0.1}, "5.144": {"amplitude": 0.015947326526447456, "bandwidth": 0.014933311235046907, "resonance-frequency": 9.595041053263438, "offset": -0.1}, "5.178": {"amplitude": 0.012986470853680055, "bandwidth": 0.007810103800058922, "resonance-frequency": 9.607112780423002, "offset": -0.1}, "5.210": {"amplitude": 0.00999383108716731, "bandwidth": 0.005654678783341531, "resonance-frequency": 9.617165172120087, "offset": -0.1}, "5.237": {"amplitude": 0.0060203645477164775, "bandwidth": 0.0037438539934025812, "resonance-frequency": 9.629585463450441, "offset": -0.1}, "5.256": {"amplitude": 0.004530555810434622, "bandwidth": 0.003199518359732754, "resonance-frequency": 9.637021495854984, "offset": -0.1}}