{
"fitted_data" : [
{
"name" : "UR-5",
"a" : [ 9.66754547877186 , 0.000426646553122118 ],
"b" : [ 0.0175301057874765 , 0.00557886636842084 ],
"Al" : [ 0.210582589890309 , 0.146917266799458 ],
"offsetl" : [ 22.8248046924218 , 1.50973649604877 ]
}
]
}
