{
" big-magnet "  :
{
"m" : [ 18.4018087662476 , 0.169893829474598 ],
"c" : [ 235.521692592651 , 0.81405544319557 ]
}
}
