{
"fitted_data" : [
{
"name" : "resonator",
"a" : [ 9.4590785226149 , 0.0019297928989784 ],
"b" : [ 0.109269191345776 , 0.00558600944859004 ],
"Al" : [ 6.70106941419483 , 0.416986615204442 ],
"offsetl" : [ 38.620506617887 , 0.44877827856135 ]
}
]
}
