{
" small-magnet "  :
{
"m" : [ 19.7130867017224 , 0.328768124059277 ],
"c" : [ 224.916287971178 , 1.65747790283181 ]
},
" big-magnet "  :
{
"m" : [ 19.9572907851228 , 0.102721590755988 ],
"c" : [ 205.586995925026 , 0.345915059256252 ]
}
}
