{"5.170": {"amplitude": 0.007137655422342152, "bandwidth": 0.007028985986776838, "resonance-frequency": 9.61673035469029, "offset": -0.7611014328628549}, "5.180": {"amplitude": 0.022693401359594367, "bandwidth": 0.012350286695577044, "resonance-frequency": 9.620658044830417, "offset": -0.9521472202995112}, "5.190": {"amplitude": 0.009225477378732529, "bandwidth": 0.007948109101719603, "resonance-frequency": 9.625629809223312, "offset": -0.7266223296048842}, "5.200": {"amplitude": 0.021649615725029495, "bandwidth": 0.012056736151615082, "resonance-frequency": 9.627794199480027, "offset": -0.9484219925316651}, "5.210": {"amplitude": 0.023115022477027174, "bandwidth": 0.0125947609228242, "resonance-frequency": 9.627827392911366, "offset": -0.9551794759019774}, "5.220": {"amplitude": 0.021597364426614054, "bandwidth": 0.012016419159305848, "resonance-frequency": 9.635570809149936, "offset": -1.0036292994910059}, "5.230": {"amplitude": 0.012222257450140762, "bandwidth": 0.009129223089294522, "resonance-frequency": 9.638464262381937, "offset": -0.8984054036397121}}