{
"fitted_data" : [
{
"name" : "UR-6",
"a" : [ 9.46090069471476 , 0.00229092595384888 ],
"b" : [ 0.122611111467866 , 0.00726726092431283 ],
"Al" : [ 6.94119364845476 , 0.525813382831671 ],
"offsetl" : [ 40.4448324991722 , 0.527911334259819 ]
}
]
}
