{
"fitted_data" : [
{
"name" : "UR-4",
"a" : [ 9.61585348386511 , 0.000718346716087188 ],
"b" : [ 0.0732925114649042 , 0.00555489855250385 ],
"Al" : [ 2.61487161958223 , 0.381165161676401 ],
"offsetl" : [ 21.5650162083702 , 0.868691920786351 ]
}
]
}
