{
"fitted_data" : [
{
"name" : "resonator-4",
"a" : [ 9.28413076172301 , 0.00297509165740694 ],
"b" : [ 0.122414700853357 , 0.0094214700725769 ],
"Al" : [ 6.52972506099312 , 0.641715515396581 ],
"offsetl" : [ 35.537303894136 , 0.644811043273208 ]
},
{
"name" : "resonator-4(y)",
"a" : [ 9.29954444498053 , 0.00259173841726154 ],
"b" : [ 0.12204889321272 , 0.00818621764400075 ],
"Al" : [ 6.56755215015928 , 0.561739802199503 ],
"offsetl" : [ 35.6003249613901 , 0.565402428272911 ]
}
]
}
