{"0.44": {"amplitude": 0.42523862548535935, "bandwidth": 0.03217297333994693, "resonance-frequency": 9.599092930041037, "offset": -2.979772850158142}, "5.78": {"amplitude": 0.5808560855018856, "bandwidth": 0.03745454515466051, "resonance-frequency": 9.59854785819893, "offset": -3.6827086009343386}}