{"5.63": {"amplitude": 0.005015285996240038, "bandwidth": 0.012872020155964893, "resonance-frequency": 9.709542871539798, "offset": 0.5117094166440681}, "5.72": {"amplitude": 1.6848699473849846, "bandwidth": 0.14691709803166345, "resonance-frequency": 9.722531259124127, "offset": -3.38733662099536}, "5.74": {"amplitude": 0.007593364873191846, "bandwidth": 0.018471341933378516, "resonance-frequency": 9.706086290576305, "offset": 0.10367106499187147}, "5.92": {"amplitude": -0.3820446470747971, "bandwidth": 0.006004185367064222, "resonance-frequency": 9.502209420020694, "offset": 0.15107388690969928}}