{"5.100": {"amplitude": 0.0050258879817597635, "bandwidth": 0.037298031373163086, "resonance-frequency": 9.598723339272114, "offset": -0.1}, "5.125": {"amplitude": 0.020335924302065538, "bandwidth": 0.03602859290813907, "resonance-frequency": 9.59003161008231, "offset": -0.1}, "5.149": {"amplitude": 0.01239746526865308, "bandwidth": 0.014411648900646872, "resonance-frequency": 9.599546677333812, "offset": -0.1}, "5.175": {"amplitude": 0.01610461214311927, "bandwidth": 0.01218112126627709, "resonance-frequency": 9.608633222072376, "offset": -0.1}, "5.201": {"amplitude": 0.01799569316287198, "bandwidth": 0.011720622906495157, "resonance-frequency": 9.616745565061793, "offset": -0.1}, "5.224": {"amplitude": 0.014894096964696646, "bandwidth": 0.009945759768026016, "resonance-frequency": 9.626315386162156, "offset": -0.1}, "5.275": {"amplitude": 0.013594602217319167, "bandwidth": 0.012652912548934919, "resonance-frequency": 9.643729366796927, "offset": -0.1}}