{
" double-magnet "  :
{
"m" : [ 17.7354781404786 , 0.380249857554741 ],
"c" : [ 247.776818159728 , 1.88077946773302 ]
}
}
