{
"3.2485": {
    "amplitude": 734.5697658416553, 
    "bandwidth": -10.870789286665756, 
    "resonance-frequency": 8.687, 
    "offset": -0.1}, 
"3.2507": {
    "amplitude": -0.03386012360418586, 
    "bandwidth": 3.5728031272116984e-05, 
    "resonance-frequency": 8.688, 
    "offset": -0.1}, 
"3.2531": {
    "amplitude": -0.0006946577695720557, 
    "bandwidth": 0.000269625561426339, 
    "resonance-frequency": 8.691, 
    "offset": -0.1}, 
"3.2553": {
        "amplitude": -8.65341895627391, 
        "bandwidth": 8.313219908824692e-08, 
        "resonance-frequency": 8.694, 
        "offset": -0.1}
}