{
"fitted_data" : [
{
"name" : "UR-5",
"a" : [ 9.55811023821745 , 0.000275083960571673 ],
"b" : [ 0.0966049418970646 , 1.60000489033552 ],
"Al" : [ 20.8656509214498 , 1029.78929713912 ],
"offsetl" : [ 87.7472336404872 , 2255.59043921154 ]
}
]
}
