{
"5.9000" : {
"resonance-frequency" : [ 9.56201237406688 , 6.90557009973048e-05 ],
"bandwidth" : [ 0.0396713416699878 , 0.000287455801857648 ],
"amplitude" : [ 0.00817664523406085 , 5.2868027364468e-05 ]
},
"5.9100" : {
"resonance-frequency" : [ 9.55428970485701 , 5.05629477262592e-05 ],
"bandwidth" : [ 0.0448656448437084 , 0.000216732144135743 ],
"amplitude" : [ 0.0146561910660169 , 6.37267670680364e-05 ]
},
"5.9200" : {
"resonance-frequency" : [ 9.61567343367131 , 0.000250944747828545 ],
"bandwidth" : [ 0.0241401427094666 , 0.000651827788975911 ],
"amplitude" : [ 0.00474863964246643 , 9.90705629154945e-05 ]
},
"5.9300" : {
"resonance-frequency" : [ 9.61804778512688 , 0.000249964161594635 ],
"bandwidth" : [ 0.0259772096238198 , 0.000692075927175204 ],
"amplitude" : [ 0.00699511236623949 , 0.000147408911460357 ]
},
"5.9400" : {
"resonance-frequency" : [ 9.62381961173667 , 0.000214410970969304 ],
"bandwidth" : [ 0.0206277413092564 , 0.000494489103442537 ],
"amplitude" : [ 0.00838312251805941 , 0.000148182416153397 ]
},
"5.9500" : {
"resonance-frequency" : [ 9.62438574611124 , 0.000131552081114805 ],
"bandwidth" : [ 0.0221096792973293 , 0.000311521350716068 ],
"amplitude" : [ 0.0102113586791544 , 0.000110288383289934 ]
},
"5.9600" : {
"resonance-frequency" : [ 9.62450865781176 , 0.000197150563779416 ],
"bandwidth" : [ 0.0196552440030724 , 0.000435193792479901 ],
"amplitude" : [ 0.00967565532210338 , 0.000156264366755072 ]
},
"5.9700" : {
"resonance-frequency" : [ 9.62458457546352 , 0.000200163186426113 ],
"bandwidth" : [ 0.0193827205403296 , 0.000436559505053864 ],
"amplitude" : [ 0.00991230442346496 , 0.000162230396175549 ]
}
}
