{
" double-magnet "  :
{
"m" : [ 18.1768519327829 , 0.100528938320142 ],
"c" : [ 236.924025312182 , 0.538990652560479 ]
}
}
