{
"fitted_data" : [
{
"name" : "4.92A",
"a" : [ 9.36798252504958 , 4.89912463687057 ],
"b" : [ 0.143479313773846 , 12.1402562677144 ],
"Al" : [ -0.00516922497835982 , 0.629966699686362 ],
"offsetl" : [ 0.0209299145391945 , 0.491504355549912 ]
},
{
"name" : "4.99A",
"a" : [ 21.4074280212425 , 147258797706.835 ],
"b" : [ 0.213481575543294 , 3021791498565.54 ],
"Al" : [ -0.00276388738106819 , 39174040385.6879 ],
"offsetl" : [ -0.0688110389691493 , 4227.25923673697 ]
},
{
"name" : "5.03A",
"a" : [ 11.5139503421902 , 109807836.091906 ],
"b" : [ 0.136611117376757 , 677978052.366195 ],
"Al" : [ -0.00324525284118948 , 16336667.981312 ],
"offsetl" : [ -0.0808054098974506 , 311.272880877067 ]
},
]
}
