{
"fitted_data" : [
{
"name" : "UR-4",
"a" : [ 9.48629940694603 , 0.00281022583522597 ],
"b" : [ 0.111073075764454 , 0.00815659353889662 ],
"Al" : [ 6.54864551011378 , 0.585590426797351 ],
"offsetl" : [ 41.0922744082351 , 0.620141180361446 ]
}
]
}
