{"2.899": {"amplitude": 0.07486341207755595, "bandwidth": 0.07978230270683284, "resonance-frequency": 9.60804726766073, "offset": -0.1}, "2.950": {"amplitude": 0.08242821448436821, "bandwidth": 0.08755761843971996, "resonance-frequency": 9.609224546736947, "offset": -0.1}, "3.004": {"amplitude": 0.13962245506574403, "bandwidth": 0.11396572600847656, "resonance-frequency": 9.61392124667489, "offset": -0.1}, "3.063": {"amplitude": 0.2924795913386039, "bandwidth": 0.11679209965267605, "resonance-frequency": 9.591575072761476, "offset": -0.1}, "3.098": {"amplitude": 0.057006487306198124, "bandwidth": 0.05994128856660866, "resonance-frequency": 9.618223866705945, "offset": -0.1}, "3.143": {"amplitude": 0.008549370017519898, "bandwidth": 0.030826837420848876, "resonance-frequency": 9.608635777837751, "offset": -0.1}, "3.197": {"amplitude": -0.05790107693454426, "bandwidth": 0.09988903257522584, "resonance-frequency": 9.711123007106728, "offset": -0.1}, "3.248": {"amplitude": -0.020247186719591227, "bandwidth": 0.03350498326152907, "resonance-frequency": 9.650679997035981, "offset": -0.1}, "3.314": {"amplitude": -0.0527348071958504, "bandwidth": 0.0655991830154338, "resonance-frequency": 9.652295114277331, "offset": -0.1}}