{
"fitted_data" : [
{
"name" : "U-4(magnet)",
"a" : [ 9.46033498258153 , 0.000522162791587558 ],
"b" : [ 0.0161402133276019 , 0.00195470119968084 ],
"Al" : [ 0.248630236876273 , 0.044057784318802 ],
"offsetl" : [ 21.6363863703769 , 0.380624969478214 ]
}
]
}
