{
" 0mm "  :
{
"m" : [ 86.7461220710358 , 5.23466363440938 ],
"c" : [ 30.7277107681718 , 19.1195079305387 ]
}
}
