{"4.226": {"amplitude": 0.010127786249979986, "bandwidth": 0.016637012467680106, "resonance-frequency": 9.51086786178659, "offset": -0.1}, "4.232": {"amplitude": 0.010824419415877829, "bandwidth": 0.01597347406078106, "resonance-frequency": 9.51116969594982, "offset": -0.1}, "4.236": {"amplitude": 0.00964397523485297, "bandwidth": 0.015103653122832319, "resonance-frequency": 9.51063472218806, "offset": -0.1}, "4.238": {"amplitude": 0.007042277737022132, "bandwidth": 0.013044235259545654, "resonance-frequency": 9.509082689102529, "offset": -0.1}, "4.244": {"amplitude": 0.006516071700541085, "bandwidth": 0.014320806268435618, "resonance-frequency": 9.510411189074588, "offset": -0.1}}