{
"fitted_data" : [
{
"name" : "UR-4",
"a" : [ 9.59479129958771 , 0.000143821961937329 ],
"b" : [ 0.0979264323915275 , 0.056950324635735 ],
"Al" : [ 17.6552266412954 , 29.8507069502453 ],
"offsetl" : [ 74.1066219061319 , 63.7088968265718 ]
}
]
}
