{
" double-magnet "  :
{
"m" : [ 18.54945761878 , 0.0989255427401582 ],
"c" : [ 237.725695050108 , 0.459900949358569 ]
}
}
