{
"fitted_data" : [
{
"name" : "UR-4",
"a" : [ 9.67506449913291 , 0.000287727308959206 ],
"b" : [ 0.0661711792319517 , 0.00163484835923745 ],
"Al" : [ 3.05004424952499 , 0.125432748083694 ],
"offsetl" : [ 20.9212094160652 , 0.287869662336917 ]
}
]
}
