{
"fitted_data" : [
{
"name" : "UR-5",
"a" : [ 9.55677558658917 , 0.000695236817761304 ],
"b" : [ 0.0651296992633466 , 0.00904603304556294 ],
"Al" : [ 2.49872031809227 , 0.768839924384976 ],
"offsetl" : [ 16.4992641425586 , 2.1422246460909 ]
}
]
}
