{
" 0mm "  :
{
"m" : [ 31.5535284258376 , 0.244814613294011 ],
"c" : [ 8.03081723081985 , 0.888118064964586 ]
},
" 3mm "  :
{
"m" : [ 26.8099909303502 , 0.251182944215522 ],
"c" : [ 6.50682729132494 , 0.911599822618458 ]
},
" 6mm "  :
{
"m" : [ 22.8986597795686 , 0.20676725397184 ],
"c" : [ 5.79365454951496 , 0.737800331605013 ]
}
}
