{
"fitted_data" : [
{
"name" : "UR-5",
"a" : [ 9.6054077092099 , 0.00063853193152185 ],
"b" : [ 0.0817666216747152 , 0.0126821788636327 ],
"Al" : [ 3.90874040699909 , 1.45530098355563 ],
"offsetl" : [ 23.8436593064125 , 3.37144122609891 ]
}
]
}
