{
" big-magnet "  :
{
"m" : [ 29.052760458838 , 0.190156937368041 ],
"c" : [ 289.811256682188 , 0.199255981074295 ]
},
" small-magnet "  :
{
"m" : [ 35.9314873201493 , 0.268577039036929 ],
"c" : [ 195.688085620286 , 0.284525652637676 ]
}
}
