{
" double-magnet "  :
{
"m" : [ 19.3920833341062 , 0.435213239410387 ],
"c" : [ 249.407531544125 , 1.98056592013247 ]
}
}
