{
"fitted_data" : [
{
"name" : "UR-4",
"a" : [ 9.463420723589 , 0.00143678979758184 ],
"b" : [ 0.0786311910234088 , 0.00589466547448001 ],
"Al" : [ 3.92143824125983 , 0.427196452757805 ],
"offsetl" : [ 38.0514190473187 , 0.745653951825091 ]
}
]
}
