{"9.89": {"amplitude": -35.479258147820275, "bandwidth": 0.36485060393590807, "resonance-frequency": 24.940845746004378, "offset": -0.1}, "10.46": {"amplitude": -3226.6141569470415, "bandwidth": -32.74629095939226, "resonance-frequency": -1188.4131261347798, "offset": -0.1}, "10.52": {"amplitude": 890.580637048871, "bandwidth": 12.79087193109366, "resonance-frequency": 333.98411221930763, "offset": -0.1}, "10.58": {"amplitude": 6.887262062319376e-05, "bandwidth": 0.00021137443878537502, "resonance-frequency": 9.618574924701122, "offset": -0.1}, "10.62": {"amplitude": 8.811461010185814, "bandwidth": 4.4752775336103463e-14, "resonance-frequency": 9.610851091971828, "offset": -0.1}, "10.65": {"amplitude": -3127.881030928291, "bandwidth": 31.35215222926154, "resonance-frequency": 925.2767087449341, "offset": -0.1}, "10.68": {"amplitude": -2.9630914091610805, "bandwidth": 2.1178467101513507e-08, "resonance-frequency": 9.620441803050033, "offset": -0.1}, "10.74": {"amplitude": -0.7975685424239645, "bandwidth": 0.02363116542871912, "resonance-frequency": 9.831782481706362, "offset": -0.1}, "10.77": {"amplitude": -3167.7020949917455, "bandwidth": 31.951048372079935, "resonance-frequency": 471.1065819820936, "offset": -0.1}, "11.00": {"amplitude": -27122.15401636289, "bandwidth": 279.5099536338142, "resonance-frequency": 4494.612550586812, "offset": -0.1}, "11.31": {"amplitude": -6756.247751746642, "bandwidth": 65.88888187699682, "resonance-frequency": -924.9755563929726, "offset": -0.1}}