{
" 3.65A ": {
{
"name" : "3.65A",
"resonance-frequency" :  9.9884682735796 ,
"bandwidth" :  0.00199964705971254 ,
"amplitude" :  0.000499942445904351 ,
"offset":  -0.0259230394173397
},
" 3.67A ": {
{
"name" : "3.67A",
"resonance-frequency" :  9.795 ,
"bandwidth" :  0.00199964705971254 ,
"amplitude" :  0.000499942445904351 ,
"offset":  -0.0259230394173397
},
" 3.68A ": {
{
"name" : "3.68A",
"resonance-frequency" :  9.795 ,
"bandwidth" :  0.00199964705971254 ,
"amplitude" :  0.000499942445904351 ,
"offset":  -0.0259230394173397
},
" 3.69A ": {
{
"name" : "3.69A",
"resonance-frequency" :  10.3320777491485 ,
"bandwidth" :  0.00200675739220577 ,
"amplitude" :  0.000501732258314509 ,
"offset":  -0.00738424351122258
},
" 3.70A ": {
{
"name" : "3.70A",
"resonance-frequency" :  9.80425816631567 ,
"bandwidth" :  0.00200675738564951 ,
"amplitude" :  0.000501732241162057 ,
"offset":  -0.00738424342416644
},
" 3.71A ": {
{
"name" : "3.71A",
"resonance-frequency" :  9.805 ,
"bandwidth" :  0.00200675738564951 ,
"amplitude" :  0.000501732241162057 ,
"offset":  -0.00738424342416644
},
]
}
