{"4.92": {"amplitude": 0.004229206492668015, "bandwidth": 0.005214986027884562, "resonance-frequency": 9.466359060509365, "offset": 0.010679897454956466}, 
"4.99": {"amplitude": 0.012353235879848679, "bandwidth": 0.011946405271705368, "resonance-frequency": 9.467719636940506, "offset": -0.17494305078780722}, 
"5.03": {"amplitude": 0.006855763240777096, "bandwidth": 0.010185059305994235, "resonance-frequency": 9.49399355817037, "offset": 0.0007177975688841431}}