{
"fitted_data" : [
{
"name" : "UR-4",
"a" : [ 9.44415290146089 , 0.000822350490717077 ],
"b" : [ 0.0777050333378503 , 0.00334722311631731 ],
"Al" : [ 3.87267422121223 , 0.240881729310433 ],
"offsetl" : [ 35.0329377733777 , 0.423395568412153 ]
}
]
}
